<?xml version="1.0" encoding="UTF-8"?>
<!DOCTYPE suite SYSTEM "http://testng.org/testng-1.0.dtd">
<suite name="Test Automation Suite" parallel="classes">
	<listeners>
		<listener class-name="com.listeners.ExtentReportListener" />
	</listeners>
	<test name="API Tests With dataMap in excel">
		<classes>
			<class name="com.api.test.ApiTestsWithDP" />
		</classes>
	</test>
	<test name="API Tests With Json in excel">
		<classes>
			<class name="com.api.test.ApiTest" />
		</classes>
	</test>
	<test name="API Tests With out excel">
		<classes>
			<class name="com.api.test.ApiTestWithoutDP" />
		</classes>
	</test>
</suite> 
