{
    "timestamp": 1542479660679,
    "status": 400,
    "error": "Bad Request",
    "exception": "org.springframework.web.bind.MethodArgumentNotValidException",
    "errors": [
        {
            "codes": [
                "NotNull.trade.valueDate",
                "NotNull.valueDate",
                "NotNull.java.time.LocalDate",
                "NotNull"
            ],
            "arguments": [
                {
                    "codes": [
                        "trade.valueDate",
                        "valueDate"
                    ],
                    "arguments": null,
                    "defaultMessage": "valueDate",
                    "code": "valueDate"
                }
            ],
            "defaultMessage": "may not be null",
            "objectName": "trade",
            "field": "valueDate",
            "rejectedValue": null,
            "bindingFailure": false,
            "code": "NotNull"
        }
    ],
    "message": "Validation failed for object='trade'. Error count: 1",
    "path": "/validate"
}