[{
		"customer": "PLUTO1",
		"ccyPair": "EURUSD",
		"type": "Spot",
		"direction": "BUY",
		"tradeDate": "2017-08-11",
		"amount1": 1000000.00,
		"amount2": 1120000.00,
		"rate": 1.12,
		"valueDate": "2017-08-15",
		"legalEntity": "CS Zurich",
		"trader": "Johann Baumfiddler"
	},
	{
		"customer": "PLUTO1",
		"ccyPair": "EURUSD",
		"type": "Forward",
		"direction": "SELL",
		"tradeDate": "2017-08-11",
		"amount1": 1000000.00,
		"amount2": 1120000.00,
		"rate": 1.12,
		"valueDate": "2017-08-22",
		"legalEntity": "CS Zurich",
		"trader": "Johann Baumfiddler"
	},
	{
		"customer": "PLUTO1",
		"ccyPair": "EURUSD",
		"type": "VanillaOption",
		"style": "EUROPEAN",
		"direction": "BUY",
		"strategy": "CALL",
		"tradeDate": "2017-08-11",
		"amount1": 1000000.00,
		"amount2": 1120000.00,
		"rate": 1.12,
		"deliveryDate": "2017-08-22",
		"expiryDate": "2017-08-21",
		"payCcy": "USD",
		"premium": 0.20,
		"premiumCcy": "USD",
		"premiumType": "%USD",
		"premiumDate": "2017-08-12",
		"legalEntity": "CS Zurich",
		"trader": "Johann Baumfiddler"
	}
]